binary,start,end,name
rosetta_v06_00471_Extensible-prime-generator_extensible-prime-generator-1_stripped,4198400,4198423,_DT_INIT
rosetta_v06_00471_Extensible-prime-generator_extensible-prime-generator-1_stripped,4198432,4198444,FUN_00401020
rosetta_v06_00471_Extensible-prime-generator_extensible-prime-generator-1_stripped,4198448,4198454,printf
rosetta_v06_00471_Extensible-prime-generator_extensible-prime-generator-1_stripped,4198464,4198470,memset
rosetta_v06_00471_Extensible-prime-generator_extensible-prime-generator-1_stripped,4198480,4198486,putc
rosetta_v06_00471_Extensible-prime-generator_extensible-prime-generator-1_stripped,4198496,4198502,realloc
rosetta_v06_00471_Extensible-prime-generator_extensible-prime-generator-1_stripped,4198512,4198518,sqrt
rosetta_v06_00471_Extensible-prime-generator_extensible-prime-generator-1_stripped,4198528,4199299,FUN_00401080
rosetta_v06_00471_Extensible-prime-generator_extensible-prime-generator-1_stripped,4199312,4199346,entry
rosetta_v06_00471_Extensible-prime-generator_extensible-prime-generator-1_stripped,4199360,4199361,FUN_004013c0
rosetta_v06_00471_Extensible-prime-generator_extensible-prime-generator-1_stripped,4199376,4199409,FUN_004013d0
rosetta_v06_00471_Extensible-prime-generator_extensible-prime-generator-1_stripped,4199424,4199473,FUN_00401400
rosetta_v06_00471_Extensible-prime-generator_extensible-prime-generator-1_stripped,4199488,4199521,_FINI_0
rosetta_v06_00471_Extensible-prime-generator_extensible-prime-generator-1_stripped,4199536,4199542,_INIT_0
rosetta_v06_00471_Extensible-prime-generator_extensible-prime-generator-1_stripped,4199552,4199668,FUN_00401480
rosetta_v06_00471_Extensible-prime-generator_extensible-prime-generator-1_stripped,4199680,4200229,FUN_00401500
rosetta_v06_00471_Extensible-prime-generator_extensible-prime-generator-1_stripped,4200240,4200741,FUN_00401730
rosetta_v06_00471_Extensible-prime-generator_extensible-prime-generator-1_stripped,4200744,4200753,_DT_FINI
rosetta_v06_00471_Extensible-prime-generator_extensible-prime-generator-1_stripped,4247552,4247553,__libc_start_main
rosetta_v06_00471_Extensible-prime-generator_extensible-prime-generator-1_stripped,4247560,4247561,printf
rosetta_v06_00471_Extensible-prime-generator_extensible-prime-generator-1_stripped,4247568,4247569,memset
rosetta_v06_00471_Extensible-prime-generator_extensible-prime-generator-1_stripped,4247576,4247577,putc
rosetta_v06_00471_Extensible-prime-generator_extensible-prime-generator-1_stripped,4247584,4247585,__gmon_start__
rosetta_v06_00471_Extensible-prime-generator_extensible-prime-generator-1_stripped,4247592,4247593,realloc
rosetta_v06_00471_Extensible-prime-generator_extensible-prime-generator-1_stripped,4247600,4247601,sqrt
